Wavelength	od	Transmission
1200	5.57895	2.64E-04
1199.5	5.81099	1.55E-04
1199	6.01858	9.58E-05
1198.5	5.39085	4.07E-04
1198	5.59195	2.56E-04
1197.5	6.00037	9.99E-05
1197	6.10016	7.94E-05
1196.5	6.1675	6.80E-05
1196	6.23483	5.82E-05
1195.5	5.72074	1.90E-04
1195	5.55864	2.76E-04
1194.5	5.58117	2.62E-04
1194	6.21905	6.04E-05
1193.5	7.13544	7.32E-06
1193	7.07774	8.36E-06
1192.5	7.02005	9.55E-06
1192	5.98826	1.03E-04
1191.5	5.84704	1.42E-04
1191	5.70581	1.97E-04
1190.5	5.92135	1.20E-04
1190	5.76527	1.72E-04
1189.5	5.75342	1.76E-04
1189	5.57065	2.69E-04
1188.5	5.68651	2.06E-04
1188	7.30407	4.97E-06
1187.5	7.47546	3.35E-06
1187	7.42829	3.73E-06
1186.5	7.38112	4.16E-06
1186	6.24114	5.74E-05
1185.5	6.48022	3.31E-05
1185	6.99752	1.01E-05
1184.5	6.17908	6.62E-05
1184	6.53899	2.89E-05
1183.5	6.56519	2.72E-05
1183	6.59139	2.56E-05
1182.5	7.3463	4.51E-06
1182	7.1518	7.05E-06
1181.5	6.95731	1.10E-05
1181	5.81342	1.54E-04
1180.5	6.25365	5.58E-05
1180	6.10941	7.77E-05
1179.5	6.52154	3.01E-05
1179	6.307	4.93E-05
1178.5	6.09245	8.08E-05
1178	5.91729	1.21E-04
1177.5	5.74212	1.81E-04
1177	6.42893	3.72E-05
1176.5	7.31568	4.83E-06
1176	7.30365	4.97E-06
1175.5	7.29162	5.11E-06
1175	6.38081	4.16E-05
1174.5	6.45997	3.47E-05
1174	6.05587	8.79E-05
1173.5	6.17882	6.62E-05
1173	5.95001	1.12E-04
1172.5	7.41005	3.89E-06
1172	6.4811	3.30E-05
1171.5	7.28464	5.19E-06
1171	7.13228	7.37E-06
1170.5	6.97992	1.05E-05
1170	5.87166	1.34E-04
1169.5	6.04302	9.06E-05
1169	6.52754	2.97E-05
1168.5	7.01205	9.73E-06
1168	6.76631	1.71E-05
1167.5	6.52057	3.02E-05
1167	6.33551	4.62E-05
1166.5	6.15045	7.07E-05
1166	6.19013	6.45E-05
1165.5	7.22282	5.99E-06
1165	7.38326	4.14E-06
1164.5	7.10757	7.81E-06
1164	6.83189	1.47E-05
1163.5	6.52691	2.97E-05
1163	6.22194	6.00E-05
1162.5	5.72607	1.88E-04
1162	6.33392	4.64E-05
1161.5	6.11472	7.68E-05
1161	7.15238	7.04E-06
1160.5	7.28505	5.19E-06
1160	7.41773	3.82E-06
1159.5	6.64543	2.26E-05
1159	6.29217	5.10E-05
1158.5	6.12131	7.56E-05
1158	7.1037	7.88E-06
1157.5	7.12913	7.43E-06
1157	7.15456	7.01E-06
1156.5	6.22304	5.98E-05
1156	5.8469	1.42E-04
1155.5	5.8617	1.37E-04
1155	5.87287	1.34E-04
1154.5	6.94823	1.13E-05
1154	7.03539	9.22E-06
1153.5	7.12254	7.54E-06
1153	6.2215	6.00E-05
1152.5	7.30797	4.92E-06
1152	5.62135	2.39E-04
1151.5	5.71268	1.94E-04
1151	6.1039	7.87E-05
1150.5	6.13314	7.36E-05
1150	7.07107	8.49E-06
1149.5	7.0135	9.69E-06
1149	6.95593	1.11E-05
1148.5	5.90287	1.25E-04
1148	6.1061	7.83E-05
1147.5	6.68539	2.06E-05
1147	7.3983	4.00E-06
1146.5	7.16682	6.81E-06
1146	6.93535	1.16E-05
1145.5	5.75948	1.74E-04
1145	6.11714	7.64E-05
1144.5	5.86529	1.36E-04
1144	6.82141	1.51E-05
1143.5	6.74385	1.80E-05
1143	5.55506	2.79E-04
1142.5	6.90255	1.25E-05
1142	6.41434	3.85E-05
1141.5	5.92612	1.19E-04
1141	7.45383	3.52E-06
1140.5	7.49532	3.20E-06
1140	7.49733	3.18E-06
1139.5	7.49935	3.17E-06
1139	7.49347	3.21E-06
1138.5	5.98955	1.02E-04
1138	5.53016	2.95E-04
1137.5	5.58972	2.57E-04
1137	5.92601	1.19E-04
1136.5	6.26434	5.44E-05
1136	6.6517	2.23E-05
1135.5	7.03906	9.14E-06
1135	6.83779	1.45E-05
1134.5	6.63652	2.31E-05
1134	5.57285	2.67E-04
1133.5	6.14381	7.18E-05
1133	7.33168	4.66E-06
1132.5	7.45553	3.50E-06
1132	7.47448	3.35E-06
1131.5	7.49343	3.21E-06
1131	7.24611	5.67E-06
1130.5	5.59378	2.55E-04
1130	5.86907	1.35E-04
1129.5	7.41817	3.82E-06
1129	7.49833	3.17E-06
1128.5	7.49669	3.19E-06
1128	7.49504	3.20E-06
1127.5	7.34615	4.51E-06
1127	5.75383	1.76E-04
1126.5	5.86744	1.36E-04
1126	7.41715	3.83E-06
1125.5	7.49361	3.21E-06
1125	7.49117	3.23E-06
1124.5	7.45717	3.49E-06
1124	7.28117	5.23E-06
1123.5	6.05381	8.83E-05
1123	5.47343	3.36E-04
1122.5	6.08146	8.29E-05
1122	7.31762	4.81E-06
1121.5	7.21259	6.13E-06
1121	7.10756	7.81E-06
1120.5	7.45937	3.47E-06
1120	7.08807	8.16E-06
1119.5	5.62236	2.39E-04
1119	5.6432	2.27E-04
1118.5	7.277	5.28E-06
1118	7.48422	3.28E-06
1117.5	7.49431	3.20E-06
1117	7.48208	3.30E-06
1116.5	7.43934	3.64E-06
1116	7.00846	9.81E-06
1115.5	5.61391	2.43E-04
1115	5.96218	1.09E-04
1114.5	7.47636	3.34E-06
1114	7.49805	3.18E-06
1113.5	7.49493	3.20E-06
1113	7.49181	3.22E-06
1112.5	7.2324	5.86E-06
1112	5.57184	2.68E-04
1111.5	5.76923	1.70E-04
1111	6.77979	1.66E-05
1110.5	6.14004	7.24E-05
1110	7.16803	6.79E-06
1109.5	7.29404	5.08E-06
1109	7.42005	3.80E-06
1108.5	6.64407	2.27E-05
1108	5.35173	4.45E-04
1107.5	5.48417	3.28E-04
1107	6.19038	6.45E-05
1106.5	7.39189	4.06E-06
1106	7.46817	3.40E-06
1105.5	7.47955	3.31E-06
1105	7.49093	3.23E-06
1104.5	6.36646	4.30E-05
1104	5.43397	3.68E-04
1103.5	5.47535	3.35E-04
1103	5.97487	1.06E-04
1102.5	6.96549	1.08E-05
1102	6.93415	1.16E-05
1101.5	6.90281	1.25E-05
1101	5.84953	1.41E-04
1100.5	5.41955	3.81E-04
1100	6.4604	3.46E-05
1099.5	5.90784	1.24E-04
1099	7.34179	4.55E-06
1098.5	7.3815	4.15E-06
1098	7.42122	3.79E-06
1097.5	6.92629	1.18E-05
1097	5.57178	2.68E-04
1096.5	5.41883	3.81E-04
1096	5.82263	1.50E-04
1095.5	7.13993	7.25E-06
1095	7.49057	3.23E-06
1094.5	7.45552	3.50E-06
1094	7.22519	5.95E-06
1093.5	5.44722	3.57E-04
1093	5.42429	3.76E-04
1092.5	6.3025	4.98E-05
1092	7.29822	5.03E-06
1091.5	7.4409	3.62E-06
1091	7.15708	6.97E-06
1090.5	6.87325	1.34E-05
1090	5.48322	3.29E-04
1089.5	5.5077	3.11E-04
1089	6.02111	9.53E-05
1088.5	7.26653	5.41E-06
1088	7.45807	3.48E-06
1087.5	7.46462	3.43E-06
1087	7.28465	5.19E-06
1086.5	6.05333	8.84E-05
1086	5.45718	3.49E-04
1085.5	5.59878	2.52E-04
1085	7.24924	5.63E-06
1084.5	7.44155	3.62E-06
1084	7.49468	3.20E-06
1083.5	7.47821	3.33E-06
1083	7.18337	6.56E-06
1082.5	5.4934	3.21E-04
1082	5.33503	4.62E-04
1081.5	6.76499	1.72E-05
1081	7.48857	3.25E-06
1080.5	7.47115	3.38E-06
1080	7.45374	3.52E-06
1079.5	7.12638	7.48E-06
1079	5.4022	3.96E-04
1078.5	5.41457	3.85E-04
1078	5.70179	1.99E-04
1077.5	7.31362	4.86E-06
1077	7.44856	3.56E-06
1076.5	7.44929	3.55E-06
1076	7.31569	4.83E-06
1075.5	5.70511	1.97E-04
1075	5.43626	3.66E-04
1074.5	5.42741	3.74E-04
1074	7.14213	7.21E-06
1073.5	7.46992	3.39E-06
1073	7.48801	3.25E-06
1072.5	7.43728	3.65E-06
1072	7.35213	4.44E-06
1071.5	5.76341	1.72E-04
1071	5.33526	4.62E-04
1070.5	7.08453	8.23E-06
1070	7.44544	3.59E-06
1069.5	7.48405	3.28E-06
1069	7.49044	3.23E-06
1068.5	7.49682	3.19E-06
1068	7.02436	9.45E-06
1067.5	5.23897	5.77E-04
1067	5.56075	2.75E-04
1066.5	7.22547	5.95E-06
1066	7.47033	3.39E-06
1065.5	7.47998	3.31E-06
1065	7.48963	3.24E-06
1064.5	7.39848	4.00E-06
1064	5.83757	1.45E-04
1063.5	5.71692	1.92E-04
1063	6.87651	1.33E-05
1062.5	7.36416	4.32E-06
1062	7.44726	3.57E-06
1061.5	7.43276	3.69E-06
1061	7.20892	6.18E-06
1060.5	5.53427	2.92E-04
1060	5.43726	3.65E-04
1059.5	7.14829	7.11E-06
1059	7.45904	3.48E-06
1058.5	7.49101	3.23E-06
1058	7.45329	3.52E-06
1057.5	7.27619	5.29E-06
1057	5.6419	2.28E-04
1056.5	5.45451	3.51E-04
1056	7.15907	6.93E-06
1055.5	7.43956	3.63E-06
1055	7.49207	3.22E-06
1054.5	7.46314	3.44E-06
1054	7.36908	4.27E-06
1053.5	6.20743	6.20E-05
1053	5.64829	2.25E-04
1052.5	6.57244	2.68E-05
1052	7.41357	3.86E-06
1051.5	7.48874	3.25E-06
1051	7.48731	3.26E-06
1050.5	7.48588	3.27E-06
1050	6.32017	4.78E-05
1049.5	5.39971	3.98E-04
1049	5.7305	1.86E-04
1048.5	7.33156	4.66E-06
1048	7.43698	3.66E-06
1047.5	7.47413	3.36E-06
1047	7.44302	3.61E-06
1046.5	7.20711	6.21E-06
1046	5.53137	2.94E-04
1045.5	5.38225	4.15E-04
1045	7.11391	7.69E-06
1044.5	7.49787	3.18E-06
1044	7.49822	3.18E-06
1043.5	7.49857	3.17E-06
1043	7.4944	3.20E-06
1042.5	6.40184	3.96E-05
1042	5.3029	4.98E-04
1041.5	5.58615	2.59E-04
1041	7.24134	5.74E-06
1040.5	7.45196	3.53E-06
1040	7.45634	3.50E-06
1039.5	7.46071	3.46E-06
1039	7.25885	5.51E-06
1038.5	5.61416	2.43E-04
1038	5.22731	5.93E-04
1037.5	5.63438	2.32E-04
1037	7.27148	5.35E-06
1036.5	7.43652	3.66E-06
1036	7.46047	3.46E-06
1035.5	7.41388	3.86E-06
1035	7.08512	8.22E-06
1034.5	5.3362	4.61E-04
1034	5.42197	3.78E-04
1033.5	7.13873	7.27E-06
1033	7.44498	3.59E-06
1032.5	7.47013	3.39E-06
1032	7.49529	3.20E-06
1031.5	7.23934	5.76E-06
1031	5.58295	2.61E-04
1030.5	5.33442	4.63E-04
1030	5.6092	2.46E-04
1029.5	6.80802	1.56E-05
1029	7.01025	9.77E-06
1028.5	7.21248	6.13E-06
1028	6.41813	3.82E-05
1027.5	6.00609	9.86E-05
1027	5.28779	5.15E-04
1026.5	5.36625	4.30E-04
1026	6.87629	1.33E-05
1025.5	7.36564	4.31E-06
1025	7.45112	3.54E-06
1024.5	7.43898	3.64E-06
1024	7.21821	6.05E-06
1023.5	5.54913	2.82E-04
1023	5.25397	5.57E-04
1022.5	5.48183	3.30E-04
1022	7.17615	6.67E-06
1021.5	7.45823	3.48E-06
1021	7.45785	3.48E-06
1020.5	7.45747	3.49E-06
1020	7.17463	6.69E-06
1019.5	5.47941	3.32E-04
1019	5.15069	7.07E-04
1018.5	5.76378	1.72E-04
1018	7.0154	9.65E-06
1017.5	7.40054	3.98E-06
1017	7.35244	4.44E-06
1016.5	7.30434	4.96E-06
1016	6.32888	4.69E-05
1015.5	5.16068	6.91E-04
1015	5.19462	6.39E-04
1014.5	6.15924	6.93E-05
1014	7.3269	4.71E-06
1013.5	7.48549	3.27E-06
1013	7.43961	3.63E-06
1012.5	7.2737	5.32E-06
1012	5.63793	2.30E-04
1011.5	5.15337	7.02E-04
1011	5.18511	6.53E-04
1010.5	6.99069	1.02E-05
1010	7.31515	4.84E-06
1009.5	7.33867	4.58E-06
1009	7.06911	8.53E-06
1008.5	5.31057	4.89E-04
1008	5.47974	3.31E-04
1007.5	5.50719	3.11E-04
1007	7.19199	6.43E-06
1006.5	7.37681	4.20E-06
1006	7.44033	3.63E-06
1005.5	7.29326	5.09E-06
1005	6.11849	7.61E-05
1004.5	5.20453	6.24E-04
1004	5.25688	5.53E-04
1003.5	5.85442	1.40E-04
1003	6.89192	1.28E-05
1002.5	6.89413	1.28E-05
1002	6.89634	1.27E-05
1001.5	5.86326	1.37E-04
1001	5.13708	7.29E-04
1000.5	5.38724	4.10E-04
1000	6.70289	1.98E-05
999.5	7.4323	3.70E-06
999	7.39139	4.06E-06
998.5	7.35049	4.46E-06
998	6.99066	1.02E-05
997.5	5.18506	6.53E-04
997	5.01516	9.66E-04
996.5	6.88448	1.30E-05
996	7.44047	3.63E-06
995.5	7.41411	3.85E-06
995	7.38774	4.10E-06
994.5	6.31887	4.80E-05
994	5.05751	8.76E-04
993.5	5.11732	7.63E-04
993	6.20438	6.25E-05
992.5	7.11808	7.62E-06
992	7.04765	8.96E-06
991.5	6.97723	1.05E-05
991	5.9227	1.19E-04
990.5	5.13757	7.29E-04
990	5.42064	3.80E-04
989.5	6.06261	8.66E-05
989	7.23769	5.79E-06
988.5	7.46844	3.40E-06
988	7.4531	3.52E-06
987.5	6.9856	1.03E-05
987	5.17696	6.65E-04
986.5	5.27808	5.27E-04
986	6.03427	9.24E-05
985.5	7.009	9.79E-06
985	6.97559	1.06E-05
984.5	6.94219	1.14E-05
984	5.90064	1.26E-04
983.5	5.1183	7.62E-04
983	5.05414	8.83E-04
982.5	5.91042	1.23E-04
982	7.44401	3.60E-06
981.5	7.44323	3.60E-06
981	7.44245	3.61E-06
980.5	7.01541	9.65E-06
980	5.22466	5.96E-04
979.5	5.11592	7.66E-04
979	5.77664	1.67E-04
978.5	7.3604	4.36E-06
978	7.43782	3.65E-06
977.5	7.37417	4.23E-06
977	7.17854	6.63E-06
976.5	5.48567	3.27E-04
976	5.08909	8.15E-04
975.5	5.82554	1.49E-04
975	7.39096	4.06E-06
974.5	7.44636	3.58E-06
974	7.35879	4.38E-06
973.5	7.14077	7.23E-06
973	5.42523	3.76E-04
972.5	5.00148	9.97E-04
972	5.08153	8.29E-04
971.5	6.92596	1.19E-05
971	7.41149	3.88E-06
970.5	7.43591	3.67E-06
970	7.2123	6.13E-06
969.5	6.03153	9.30E-05
969	5.09343	8.06E-04
968.5	5.31038	4.89E-04
968	7.06899	8.53E-06
967.5	7.48464	3.28E-06
967	7.45035	3.55E-06
966.5	7.41606	3.84E-06
966	6.93184	1.17E-05
965.5	5.09094	8.11E-04
965	5.48815	3.25E-04
964.5	5.33749	4.60E-04
964	7.08593	8.20E-06
963.5	7.38312	4.14E-06
963	7.38891	4.08E-06
962.5	7.10522	7.85E-06
962	5.36835	4.28E-04
961.5	5.00826	9.81E-04
961	5.12849	7.44E-04
960.5	6.9553	1.11E-05
960	7.33498	4.62E-06
959.5	7.39719	4.01E-06
959	7.4594	3.47E-06
958.5	6.74745	1.79E-05
958	5.07432	8.43E-04
957.5	5.20292	6.27E-04
957	5.73693	1.83E-04
956.5	7.33558	4.62E-06
956	7.39481	4.03E-06
955.5	7.45405	3.52E-06
955	7.08895	8.15E-06
954.5	5.34233	4.55E-04
954	5.42828	3.73E-04
953.5	7.46414	3.43E-06
953	7.48692	3.26E-06
952.5	7.4928	3.22E-06
952	7.49869	3.17E-06
951.5	7.45194	3.53E-06
951	5.9231	1.19E-04
950.5	5.01748	9.61E-04
950	5.03686	9.19E-04
949.5	6.89804	1.26E-05
949	7.37345	4.23E-06
948.5	7.3879	4.09E-06
948	7.40235	3.96E-06
947.5	6.95585	1.11E-05
947	5.12935	7.42E-04
946.5	5.45245	3.53E-04
946	5.31207	4.87E-04
945.5	7.07004	8.51E-06
945	7.47066	3.38E-06
944.5	7.44973	3.55E-06
944	7.42879	3.73E-06
943.5	5.88607	1.30E-04
943	5.47799	3.33E-04
942.5	5.006	9.86E-04
942	6.87875	1.32E-05
941.5	7.33213	4.65E-06
941	7.47338	3.36E-06
940.5	7.34959	4.47E-06
940	5.75935	1.74E-04
939.5	5.41534	3.84E-04
939	5.26681	5.41E-04
938.5	5.8532	1.40E-04
938	7.40825	3.91E-06
937.5	7.38689	4.10E-06
937	7.36554	4.31E-06
936.5	6.9051	1.24E-05
936	5.04817	8.95E-04
935.5	5.38178	4.15E-04
935	5.46018	3.47E-04
934.5	7.16261	6.88E-06
934	7.43883	3.64E-06
933.5	7.43132	3.70E-06
933	7.13756	7.29E-06
932.5	5.42009	3.80E-04
932	5.35695	4.40E-04
931.5	5.36784	4.29E-04
931	7.43392	3.68E-06
930.5	7.49765	3.18E-06
930	7.48258	3.29E-06
929.5	7.4288	3.73E-06
929	6.90362	1.25E-05
928.5	5.04578	9.00E-04
928	5.45334	3.52E-04
927.5	5.4169	3.83E-04
927	7.45845	3.48E-06
926.5	7.4299	3.72E-06
926	7.40136	3.97E-06
925.5	6.99265	1.02E-05
925	5.18824	6.48E-04
924.5	5.35648	4.40E-04
924	5.1286	7.44E-04
923.5	6.95538	1.11E-05
923	7.27017	5.37E-06
922.5	7.28051	5.24E-06
922	6.98982	1.02E-05
921.5	5.18371	6.55E-04
921	5.28716	5.16E-04
920.5	5.40692	3.92E-04
920	5.55608	2.78E-04
919.5	7.22255	5.99E-06
919	7.38951	4.08E-06
918.5	7.47597	3.34E-06
918	7.42355	3.77E-06
917.5	5.3471	4.50E-04
917	5.24488	5.69E-04
916.5	7.37244	4.24E-06
916	7.44335	3.60E-06
915.5	7.35004	4.47E-06
915	6.95192	1.12E-05
914.5	5.12308	7.53E-04
914	5.31321	4.86E-04
913.5	5.18645	6.51E-04
913	6.99153	1.02E-05
912.5	7.41204	3.87E-06
912	7.45342	3.52E-06
911.5	7.49479	3.20E-06
911	5.48959	3.24E-04
910.5	5.19969	6.31E-04
910	5.05075	8.90E-04
909.5	6.90672	1.24E-05
909	7.2375	5.79E-06
908.5	7.25896	5.51E-06
908	6.97825	1.05E-05
907.5	5.16519	6.84E-04
907	5.44918	3.55E-04
906.5	5.02468	9.45E-04
906	6.89042	1.29E-05
905.5	7.49308	3.21E-06
905	7.46418	3.43E-06
904.5	7.43529	3.67E-06
904	5.37058	4.26E-04
903.5	5.13538	7.32E-04
903	5.28658	5.17E-04
902.5	7.39329	4.04E-06
902	7.43501	3.67E-06
901.5	7.47674	3.34E-06
901	6.88069	1.32E-05
900.5	5.0091	9.79E-04
900	5.23434	5.83E-04
899.5	5.35028	4.46E-04
899	7.42514	3.76E-06
898.5	7.46265	3.45E-06
898	7.33924	4.58E-06
897.5	6.90646	1.24E-05
897	5.05034	8.91E-04
896.5	5.21779	6.06E-04
896	5.23065	5.88E-04
895.5	7.36533	4.31E-06
895	7.46015	3.47E-06
894.5	7.47264	3.37E-06
894	7.42908	3.72E-06
893.5	6.41347	3.86E-05
893	5.25496	5.56E-04
892.5	5.12189	7.55E-04
892	5.13285	7.36E-04
891.5	6.95803	1.10E-05
891	7.34942	4.47E-06
890.5	7.4366	3.66E-06
890	7.35871	4.38E-06
889.5	5.21743	6.06E-04
889	5.03324	9.26E-04
888.5	5.08355	8.25E-04
888	6.92722	1.18E-05
887.5	7.34107	4.56E-06
887	7.44764	3.57E-06
886.5	7.39116	4.06E-06
886	5.28232	5.22E-04
885.5	5.09027	8.12E-04
885	5.15247	7.04E-04
884.5	7.32624	4.72E-06
884	7.42445	3.76E-06
883.5	7.44057	3.63E-06
883	7.37314	4.24E-06
882.5	5.24627	5.67E-04
882	5.44399	3.60E-04
881.5	5.45497	3.51E-04
881	6.20451	6.24E-05
880.5	7.06314	8.65E-06
880	6.88265	1.31E-05
879.5	6.70216	1.99E-05
879	5.48256	3.29E-04
878.5	5.22029	6.02E-04
878	5.06705	8.57E-04
877.5	5.31228	4.87E-04
877	7.07018	8.51E-06
876.5	7.44371	3.60E-06
876	7.44441	3.59E-06
875.5	7.44512	3.59E-06
875	5.39024	4.07E-04
874.5	5.33874	4.58E-04
874	5.00505	9.88E-04
873.5	5.61258	2.44E-04
873	6.59321	2.55E-05
872.5	6.9673	1.08E-05
872	7.34139	4.56E-06
871.5	5.18277	6.56E-04
871	5.32022	4.78E-04
870.5	5.28149	5.23E-04
870	5.0819	8.28E-04
869.5	6.92619	1.19E-05
869	7.46714	3.41E-06
868.5	7.35643	4.40E-06
868	7.24572	5.68E-06
867.5	5.49145	3.23E-04
867	5.31802	4.81E-04
866.5	5.17328	6.71E-04
866	7.33664	4.61E-06
865.5	7.48023	3.31E-06
865	7.45736	3.49E-06
864.5	7.26345	5.45E-06
864	5.0269	9.40E-04
863.5	5.46908	3.40E-04
863	5.30678	4.93E-04
862.5	5.19464	6.39E-04
862	7.34732	4.49E-06
861.5	7.45523	3.51E-06
861	7.45539	3.50E-06
860.5	7.45556	3.50E-06
860	7.34797	4.49E-06
859.5	5.75675	1.75E-04
859	7.34797	4.49E-06
858.5	7.49333	3.21E-06
858	7.49989	3.16E-06
857.5	7.50045	3.16E-06
857	7.50084	3.16E-06
856.5	7.50105	3.15E-06
856	7.5009	3.16E-06
855.5	7.50055	3.16E-06
855	7.5	3.16E-06
854.5	7.49908	3.17E-06
854	7.47226	3.37E-06
853.5	6.1482	7.11E-05
853	7.47226	3.37E-06
852.5	7.4988	3.17E-06
852	7.49741	3.18E-06
851.5	7.49602	3.19E-06
851	7.48904	3.24E-06
850.5	7.3933	4.04E-06
850	6.29598	5.06E-05
849.5	7.23998	5.75E-06
849	7.27596	5.30E-06
848.5	7.31194	4.88E-06
848	6.43991	3.63E-05
847.5	5.95685	1.10E-04
847	5.89545	1.27E-04
846.5	5.70307	1.98E-04
846	6.81152	1.54E-05
845.5	6.87996	1.32E-05
845	6.9484	1.13E-05
844.5	5.97683	1.05E-04
844	6.42709	3.74E-05
843.5	7.44554	3.58E-06
843	7.49637	3.19E-06
842.5	7.49996	3.16E-06
842	7.49998	3.16E-06
841.5	7.49999	3.16E-06
841	7.49998	3.16E-06
840.5	7.49984	3.16E-06
840	7.49792	3.18E-06
839.5	7.37845	4.18E-06
839	6.22968	5.89E-05
838.5	6.62338	2.38E-05
838	7.39256	4.05E-06
837.5	7.24261	5.72E-06
837	7.09265	8.08E-06
836.5	6.02357	9.47E-05
836	5.69986	2.00E-04
835.5	5.93943	1.15E-04
835	7.32444	4.74E-06
834.5	7.37167	4.25E-06
834	7.4189	3.81E-06
833.5	6.72157	1.90E-05
833	7.38426	4.13E-06
832.5	7.22734	5.92E-06
832	6.09389	8.06E-05
831.5	5.79911	1.59E-04
831	5.85667	1.39E-04
830.5	6.17826	6.63E-05
830	6.60779	2.47E-05
829.5	6.38898	4.08E-05
829	5.92597	1.19E-04
828.5	6.30598	4.94E-05
828	7.06797	8.55E-06
827.5	6.81801	1.52E-05
827	6.36205	4.34E-05
826.5	5.90608	1.24E-04
826	6.24601	5.68E-05
825.5	6.53234	2.94E-05
825	6.81867	1.52E-05
824.5	5.99404	1.01E-04
824	6.15938	6.93E-05
823.5	6.40998	3.89E-05
823	7.24468	5.69E-06
822.5	7.49881	3.17E-06
822	7.51737	3.04E-06
821.5	7.53433	2.92E-06
821	7.54861	2.83E-06
820.5	7.55858	2.76E-06
820	7.56405	2.73E-06
819.5	7.56388	2.73E-06
819	7.5588	2.76E-06
818.5	7.54854	2.83E-06
818	7.53454	2.92E-06
817.5	7.51745	3.04E-06
817	7.49897	3.17E-06
816.5	7.37321	4.23E-06
816	6.22214	6.00E-05
815.5	5.89577	1.27E-04
815	6.24513	5.69E-05
814.5	7.4356	3.67E-06
814	7.48244	3.29E-06
813.5	7.48209	3.30E-06
813	7.48173	3.30E-06
812.5	7.43417	3.68E-06
812	6.79153	1.62E-05
811.5	7.37592	4.21E-06
811	7.49618	3.19E-06
810.5	7.48264	3.29E-06
810	7.4691	3.40E-06
809.5	7.32176	4.77E-06
809	7.32404	4.74E-06
808.5	6.79284	1.61E-05
808	7.32618	4.72E-06
807.5	7.32441	4.74E-06
807	7.32263	4.76E-06
806.5	7.41006	3.89E-06
806	7.49748	3.18E-06
805.5	7.48865	3.25E-06
805	6.51732	3.04E-05
804.5	7.13424	7.34E-06
804	7.40661	3.92E-06
803.5	7.24365	5.71E-06
803	6.18408	6.55E-05
802.5	6.01502	9.66E-05
802	5.96032	1.10E-04
801.5	6.3037	4.97E-05
801	7.08362	8.25E-06
800.5	7.2603	5.49E-06
800	7.43698	3.66E-06
799.5	6.01389	9.69E-05
799	6.1342	7.34E-05
798.5	6.92689	1.18E-05
798	6.69578	2.01E-05
797.5	6.46467	3.43E-05
797	6.37881	4.18E-05
796.5	6.51704	3.04E-05
796	6.2208	6.01E-05
795.5	6.13385	7.35E-05
795	6.29711	5.05E-05
794.5	6.55852	2.76E-05
794	6.37738	4.19E-05
793.5	6.02149	9.52E-05
793	5.8349	1.46E-04
792.5	6.18039	6.60E-05
792	7.18732	6.50E-06
791.5	7.23934	5.76E-06
791	6.38848	4.09E-05
790.5	6.25833	5.52E-05
790	6.0112	9.75E-05
789.5	6.43989	3.63E-05
789	6.90639	1.24E-05
788.5	6.74207	1.81E-05
788	6.67909	2.09E-05
787.5	6.24261	5.72E-05
787	6.13861	7.27E-05
786.5	6.13944	7.25E-05
786	6.39703	4.01E-05
785.5	6.19357	6.40E-05
785	6.1752	6.68E-05
784.5	6.13319	7.36E-05
784	6.05932	8.72E-05
783.5	6.76292	1.73E-05
783	6.89153	1.28E-05
782.5	7.02015	9.55E-06
782	6.34799	4.49E-05
781.5	7.32053	4.78E-06
781	7.38556	4.12E-06
780.5	7.4506	3.54E-06
780	6.24093	5.74E-05
779.5	6.18695	6.50E-05
779	6.22761	5.92E-05
778.5	5.96744	1.08E-04
778	5.95838	1.10E-04
777.5	6.31114	4.88E-05
777	6.65663	2.20E-05
776.5	6.31917	4.80E-05
776	6.12065	7.57E-05
775.5	6.21241	6.13E-05
775	6.35429	4.42E-05
774.5	6.78746	1.63E-05
774	6.71306	1.94E-05
773.5	6.63867	2.30E-05
773	6.04609	8.99E-05
772.5	5.84304	1.44E-04
772	6.38288	4.14E-05
771.5	6.9381	1.15E-05
771	7.2654	5.43E-06
770.5	7.18225	6.57E-06
770	6.71636	1.92E-05
769.5	6.15489	7.00E-05
769	6.30152	4.99E-05
768.5	6.22539	5.95E-05
768	6.06821	8.55E-05
767.5	5.91108	1.23E-04
767	6.16696	6.81E-05
766.5	5.96452	1.09E-04
766	7.15593	6.98E-06
765.5	7.33846	4.59E-06
765	6.69466	2.02E-05
764.5	6.65612	2.21E-05
764	6.54012	2.88E-05
763.5	6.3189	4.80E-05
763	6.09612	8.01E-05
762.5	6.07631	8.39E-05
762	6.48515	3.27E-05
761.5	6.46094	3.46E-05
761	6.15393	7.02E-05
760.5	6.31832	4.80E-05
760	6.23725	5.79E-05
759.5	7.2649	5.43E-06
759	7.35187	4.45E-06
758.5	6.58511	2.60E-05
758	6.26897	5.38E-05
757.5	6.22462	5.96E-05
757	6.15138	7.06E-05
756.5	6.03308	9.27E-05
756	6.02469	9.45E-05
755.5	6.10253	7.90E-05
755	5.93371	1.16E-04
754.5	5.83995	1.45E-04
754	5.90075	1.26E-04
753.5	5.95797	1.10E-04
753	6.08124	8.29E-05
752.5	6.7598	1.74E-05
752	6.55376	2.79E-05
751.5	6.3251	4.73E-05
751	6.25763	5.53E-05
750.5	6.4008	3.97E-05
750	6.41251	3.87E-05
749.5	6.42422	3.77E-05
749	6.39214	4.05E-05
748.5	6.64606	2.26E-05
748	6.89998	1.26E-05
747.5	6.43436	3.68E-05
747	6.33336	4.64E-05
746.5	6.18188	6.58E-05
746	6.25919	5.51E-05
745.5	6.41212	3.87E-05
745	6.07359	8.44E-05
744.5	5.93086	1.17E-04
744	5.92107	1.20E-04
743.5	6.06432	8.62E-05
743	6.27354	5.33E-05
742.5	6.27331	5.33E-05
742	6.27309	5.33E-05
741.5	6.27288	5.33E-05
741	6.05979	8.71E-05
740.5	6.12733	7.46E-05
740	6.37976	4.17E-05
739.5	6.34207	4.55E-05
739	6.57526	2.66E-05
738.5	6.80844	1.55E-05
738	6.509	3.10E-05
737.5	6.30544	4.95E-05
737	7.2695	5.38E-06
736.5	7.30992	4.90E-06
736	6.46712	3.41E-05
735.5	7.33635	4.61E-06
735	7.32237	4.76E-06
734.5	6.41118	3.88E-05
734	6.61513	2.43E-05
733.5	6.83813	1.45E-05
733	7.14715	7.13E-06
732.5	7.45617	3.50E-06
732	6.49327	3.21E-05
731.5	6.19301	6.41E-05
731	6.18613	6.51E-05
730.5	7.41087	3.88E-06
730	7.44586	3.58E-06
729.5	7.48085	3.30E-06
729	6.25627	5.54E-05
728.5	6.0983	7.97E-05
728	7.013	9.71E-06
727.5	6.21381	6.11E-05
727	7.32321	4.75E-06
726.5	7.48605	3.27E-06
726	6.8652	1.36E-05
725.5	7.01195	9.73E-06
725	6.93282	1.17E-05
724.5	6.07346	8.44E-05
724	6.66772	2.15E-05
723.5	6.4394	3.64E-05
723	6.21108	6.15E-05
722.5	6.1729	6.72E-05
722	6.15446	7.01E-05
721.5	6.35826	4.38E-05
721	6.11173	7.73E-05
720.5	6.8974	1.27E-05
720	7.0564	8.78E-06
719.5	6.59652	2.53E-05
719	5.92896	1.18E-04
718.5	5.89768	1.27E-04
718	5.89461	1.27E-04
717.5	5.80044	1.58E-04
717	5.81986	1.51E-04
716.5	5.68646	2.06E-04
716	5.81034	1.55E-04
715.5	5.72336	1.89E-04
715	5.84434	1.43E-04
714.5	5.99767	1.01E-04
714	5.75495	1.76E-04
713.5	5.69457	2.02E-04
713	5.73648	1.83E-04
712.5	5.70347	1.98E-04
712	5.76044	1.74E-04
711.5	5.99351	1.02E-04
711	6.02208	9.50E-05
710.5	6.51784	3.04E-05
710	6.02354	9.47E-05
709.5	5.85538	1.40E-04
709	6.14137	7.22E-05
708.5	6.51653	3.04E-05
708	7.31023	4.90E-06
707.5	6.56109	2.75E-05
707	7.23205	5.86E-06
706.5	6.22498	5.96E-05
706	6.25548	5.55E-05
705.5	6.13785	7.28E-05
705	6.05966	8.72E-05
704.5	6.21616	6.08E-05
704	6.06005	8.71E-05
703.5	6.12381	7.52E-05
703	6.26965	5.37E-05
702.5	6.66443	2.17E-05
702	6.13326	7.36E-05
701.5	6.64862	2.25E-05
701	7.16397	6.86E-06
700.5	6.68301	2.07E-05
700	6.20204	6.28E-05
699.5	6.01148	9.74E-05
699	5.98352	1.04E-04
698.5	6.27568	5.30E-05
698	6.26805	5.39E-05
697.5	6.26183	5.47E-05
697	6.47769	3.33E-05
696.5	6.05768	8.76E-05
696	6.4512	3.54E-05
695.5	6.64617	2.26E-05
695	6.64678	2.26E-05
694.5	6.64739	2.25E-05
694	6.68624	2.06E-05
693.5	6.29017	5.13E-05
693	6.83092	1.48E-05
692.5	6.33608	4.61E-05
692	6.1685	6.78E-05
691.5	5.967	1.08E-04
691	6.31856	4.80E-05
690.5	5.96865	1.07E-04
690	6.96576	1.08E-05
689.5	6.44989	3.55E-05
689	6.4063	3.92E-05
688.5	6.22269	5.99E-05
688	6.15073	7.07E-05
687.5	6.16064	6.91E-05
687	6.10703	7.82E-05
686.5	6.05341	8.84E-05
686	6.30813	4.92E-05
685.5	5.76762	1.71E-04
685	6.00807	9.82E-05
684.5	5.86687	1.36E-04
684	6.09875	7.97E-05
683.5	6.64528	2.26E-05
683	6.0584	8.74E-05
682.5	5.88167	1.31E-04
682	6.09938	7.95E-05
681.5	5.99243	1.02E-04
681	6.50113	3.15E-05
680.5	6.62666	2.36E-05
680	6.26584	5.42E-05
679.5	6.08887	8.15E-05
679	6.12603	7.48E-05
678.5	6.28121	5.23E-05
678	7.30759	4.93E-06
677.5	7.2054	6.23E-06
677	7.10322	7.88E-06
676.5	7.34742	4.49E-06
676	7.39092	4.07E-06
675.5	7.43443	3.68E-06
675	6.47444	3.35E-05
674.5	7.22297	5.98E-06
674	7.41437	3.85E-06
673.5	7.32721	4.71E-06
673	7.24005	5.75E-06
672.5	6.77433	1.68E-05
672	7.10317	7.89E-06
671.5	6.95234	1.12E-05
671	6.80151	1.58E-05
670.5	7.30786	4.92E-06
670	7.00678	9.85E-06
669.5	6.52788	2.97E-05
669	6.77524	1.68E-05
668.5	7.00532	9.88E-06
668	6.92648	1.18E-05
667.5	7.35106	4.46E-06
667	7.42347	3.77E-06
666.5	7.49589	3.19E-06
666	7.46481	3.43E-06
665.5	7.22675	5.93E-06
665	6.29805	5.03E-05
664.5	7.28436	5.20E-06
664	7.34518	4.52E-06
663.5	6.54133	2.88E-05
663	6.60676	2.47E-05
662.5	6.37129	4.25E-05
662	6.38177	4.15E-05
661.5	6.86028	1.38E-05
661	6.6443	2.27E-05
660.5	6.58625	2.59E-05
660	6.5282	2.96E-05
659.5	6.08573	8.21E-05
659	6.01287	9.71E-05
658.5	7.00912	9.79E-06
658	7.31247	4.87E-06
657.5	7.26935	5.38E-06
657	7.22623	5.94E-06
656.5	6.72552	1.88E-05
656	6.36198	4.35E-05
655.5	6.42574	3.75E-05
655	7.30563	4.95E-06
654.5	6.81904	1.52E-05
654	6.33246	4.65E-05
653.5	6.2634	5.45E-05
653	6.17838	6.63E-05
652.5	6.15995	6.92E-05
652	6.35144	4.45E-05
651.5	6.72453	1.89E-05
651	6.05	8.91E-05
650.5	6.00376	9.91E-05
650	6.24888	5.64E-05
649.5	6.59028	2.57E-05
649	6.52729	2.97E-05
648.5	6.92349	1.19E-05
648	6.88969	1.29E-05
647.5	6.48516	3.27E-05
647	6.77385	1.68E-05
646.5	6.82849	1.48E-05
646	7.04947	8.92E-06
645.5	7.28797	5.15E-06
645	7.01803	9.59E-06
644.5	6.74808	1.79E-05
644	7.10095	7.93E-06
643.5	7.487	3.26E-06
643	7.47591	3.34E-06
642.5	7.46482	3.43E-06
642	7.37429	4.22E-06
641.5	6.72485	1.88E-05
641	6.64875	2.25E-05
640.5	6.57265	2.68E-05
640	6.96185	1.09E-05
639.5	7.42731	3.74E-06
639	7.36596	4.31E-06
638.5	7.30461	4.96E-06
638	7.47305	3.36E-06
637.5	7.47303	3.36E-06
637	7.30454	4.96E-06
636.5	6.93013	1.17E-05
636	6.55572	2.78E-05
635.5	6.36973	4.27E-05
635	6.45991	3.47E-05
634.5	6.33213	4.65E-05
634	6.09432	8.05E-05
633.5	5.96862	1.07E-04
633	5.99035	1.02E-04
632.5	5.95411	1.11E-04
632	5.90629	1.24E-04
631.5	5.89349	1.28E-04
631	5.86999	1.35E-04
630.5	5.87544	1.33E-04
630	5.91982	1.20E-04
629.5	5.89577	1.27E-04
629	5.9501	1.12E-04
628.5	5.95829	1.10E-04
628	5.93447	1.16E-04
627.5	6.06227	8.66E-05
627	6.33982	4.57E-05
626.5	6.60496	2.48E-05
626	7.04908	8.93E-06
625.5	6.60575	2.48E-05
625	6.85641	1.39E-05
624.5	6.51044	3.09E-05
624	6.26203	5.47E-05
623.5	6.35894	4.38E-05
623	6.35483	4.42E-05
622.5	6.35072	4.46E-05
622	6.11076	7.75E-05
621.5	6.28576	5.18E-05
621	6.18961	6.46E-05
620.5	6.2701	5.37E-05
620	6.54047	2.88E-05
619.5	6.57198	2.68E-05
619	6.28617	5.17E-05
618.5	6.16857	6.78E-05
618	6.2774	5.28E-05
617.5	6.25379	5.57E-05
617	6.34926	4.47E-05
616.5	6.43483	3.67E-05
616	6.36835	4.28E-05
615.5	6.74596	1.79E-05
615	6.85596	1.39E-05
614.5	6.72315	1.89E-05
614	7.00216	9.95E-06
613.5	6.88668	1.30E-05
613	6.77121	1.69E-05
612.5	6.65866	2.19E-05
612	7.11943	7.60E-06
611.5	7.1769	6.65E-06
611	7.23436	5.83E-06
610.5	6.88853	1.29E-05
610	6.26878	5.39E-05
609.5	6.33801	4.59E-05
609	7.36206	4.34E-06
608.5	7.47062	3.38E-06
608	6.77224	1.69E-05
607.5	6.77247	1.69E-05
607	6.67914	2.09E-05
606.5	6.4568	3.49E-05
606	6.92236	1.20E-05
605.5	7.33855	4.59E-06
605	7.38578	4.11E-06
604.5	7.0483	8.95E-06
604	6.70042	1.99E-05
603.5	7.22262	5.99E-06
603	7.48762	3.25E-06
602.5	7.48838	3.25E-06
602	7.48915	3.24E-06
601.5	7.41323	3.86E-06
601	6.82482	1.50E-05
600.5	6.9592	1.10E-05
600	7.44944	3.55E-06
599.5	7.42461	3.76E-06
599	7.39977	3.98E-06
598.5	6.72322	1.89E-05
598	6.28469	5.19E-05
597.5	6.46901	3.40E-05
597	6.93399	1.16E-05
596.5	7.39897	3.99E-06
596	6.4334	3.69E-05
595.5	6.45775	3.49E-05
595	6.31875	4.80E-05
594.5	6.30162	4.99E-05
594	6.45696	3.49E-05
593.5	7.49797	3.18E-06
593	7.49573	3.19E-06
592.5	7.4935	3.21E-06
592	7.4466	3.58E-06
591.5	7.31034	4.89E-06
591	6.92177	1.20E-05
590.5	6.76961	1.70E-05
590	6.95974	1.10E-05
589.5	7.22273	5.99E-06
589	6.61946	2.40E-05
588.5	6.85471	1.40E-05
588	6.82458	1.50E-05
587.5	6.93145	1.17E-05
587	7.03833	9.16E-06
586.5	6.37766	4.19E-05
586	7.04502	9.02E-06
585.5	6.75713	1.75E-05
585	6.46924	3.39E-05
584.5	6.35653	4.40E-05
584	7.09745	7.99E-06
583.5	6.94626	1.13E-05
583	6.79507	1.60E-05
582.5	7.26317	5.46E-06
582	7.35314	4.43E-06
581.5	7.44311	3.60E-06
581	7.15496	7.00E-06
580.5	6.27485	5.31E-05
580	6.65671	2.20E-05
579.5	7.39826	4.00E-06
579	7.48887	3.24E-06
578.5	7.39443	4.03E-06
578	7.29998	5.01E-06
577.5	7.02048	9.54E-06
577	6.4306	3.71E-05
576.5	6.82411	1.50E-05
576	6.65742	2.20E-05
575.5	6.68969	2.04E-05
575	6.72195	1.90E-05
574.5	6.79538	1.60E-05
574	6.85803	1.39E-05
573.5	6.92067	1.20E-05
573	6.7014	1.99E-05
572.5	6.48213	3.30E-05
572	6.745	1.80E-05
571.5	7.46702	3.41E-06
571	7.48531	3.27E-06
570.5	7.48646	3.26E-06
570	7.46218	3.45E-06
569.5	7.3014	5.00E-06
569	6.67796	2.10E-05
568.5	7.17172	6.73E-06
568	7.27638	5.29E-06
567.5	7.38105	4.16E-06
567	7.09663	8.01E-06
566.5	7.12591	7.48E-06
566	7.15519	7.00E-06
565.5	6.65582	2.21E-05
565	6.85185	1.41E-05
564.5	6.66659	2.15E-05
564	6.48133	3.30E-05
563.5	7.39795	4.00E-06
563	6.06012	8.71E-05
562.5	6.21942	6.03E-05
562	6.25689	5.53E-05
561.5	6.2604	5.49E-05
561	6.16826	6.79E-05
560.5	6.14821	7.11E-05
560	6.25853	5.51E-05
559.5	6.29268	5.10E-05
559	6.25956	5.50E-05
558.5	6.60289	2.50E-05
558	6.2372	5.79E-05
557.5	6.53644	2.91E-05
557	6.58387	2.61E-05
556.5	6.58542	2.60E-05
556	6.95853	1.10E-05
555.5	6.39886	3.99E-05
555	6.1553	6.99E-05
554.5	6.34548	4.51E-05
554	6.56765	2.71E-05
553.5	6.55261	2.80E-05
553	6.17434	6.69E-05
552.5	6.18627	6.51E-05
552	6.25883	5.51E-05
551.5	6.47841	3.32E-05
551	6.52048	3.02E-05
550.5	6.72076	1.90E-05
550	6.92105	1.20E-05
549.5	6.95996	1.10E-05
549	6.99887	1.00E-05
548.5	7.10887	7.78E-06
548	7.21887	6.04E-06
547.5	7.08862	8.15E-06
547	6.95837	1.10E-05
546.5	7.24057	5.75E-06
546	7.4683	3.40E-06
545.5	7.27186	5.35E-06
545	7.07541	8.41E-06
544.5	6.4548	3.51E-05
544	6.61953	2.40E-05
543.5	6.53709	2.90E-05
543	6.79533	1.60E-05
542.5	6.30574	4.95E-05
542	6.27237	5.34E-05
541.5	7.04487	9.02E-06
541	7.42706	3.74E-06
540.5	7.44626	3.58E-06
540	7.09607	8.02E-06
539.5	6.7299	1.86E-05
539	6.36373	4.33E-05
538.5	6.65608	2.21E-05
538	6.72048	1.90E-05
537.5	6.40747	3.91E-05
537	6.09527	8.03E-05
536.5	6.17615	6.67E-05
536	6.31576	4.83E-05
535.5	6.34529	4.52E-05
535	6.28293	5.21E-05
534.5	6.19929	6.32E-05
534	6.15982	6.92E-05
533.5	6.32333	4.75E-05
533	6.91757	1.21E-05
532.5	6.35475	4.42E-05
532	6.47982	3.31E-05
531.5	6.40735	3.91E-05
531	6.28223	5.22E-05
530.5	6.59694	2.53E-05
530	7.42174	3.79E-06
529.5	7.39578	4.02E-06
529	6.49309	3.21E-05
528.5	6.6002	2.51E-05
528	6.61734	2.41E-05
527.5	6.62538	2.37E-05
527	6.63341	2.33E-05
526.5	6.53527	2.92E-05
526	7.02795	9.38E-06
525.5	7.46072	3.46E-06
525	7.33691	4.60E-06
524.5	7.2131	6.12E-06
524	6.53272	2.93E-05
523.5	7.43516	3.67E-06
523	7.47079	3.38E-06
522.5	6.67522	2.11E-05
522	7.08694	8.19E-06
521.5	7.49865	3.17E-06
521	7.49348	3.21E-06
520.5	6.65453	2.22E-05
520	6.58715	2.59E-05
519.5	6.51978	3.02E-05
519	7.01847	9.58E-06
518.5	6.77529	1.68E-05
518	6.5321	2.94E-05
517.5	6.58129	2.62E-05
517	6.95456	1.11E-05
516.5	7.48976	3.24E-06
516	7.49786	3.18E-06
515.5	7.49759	3.18E-06
515	7.49732	3.18E-06
514.5	7.48869	3.25E-06
514	6.95294	1.11E-05
513.5	6.88024	1.32E-05
513	7.43622	3.66E-06
512.5	7.47248	3.37E-06
512	7.47398	3.36E-06
511.5	7.25076	5.61E-06
511	6.40433	3.94E-05
510.5	6.50115	3.15E-05
510	6.59798	2.52E-05
509.5	6.41254	3.87E-05
509	6.7269	1.88E-05
508.5	7.04125	9.09E-06
508	6.3225	4.76E-05
507.5	7.27679	5.29E-06
507	7.41463	3.85E-06
506.5	7.49155	3.22E-06
506	7.45355	3.52E-06
505.5	6.88112	1.31E-05
505	6.46432	3.43E-05
504.5	7.40919	3.90E-06
504	7.32535	4.73E-06
503.5	7.2415	5.73E-06
503	6.95191	1.12E-05
502.5	6.78316	1.65E-05
502	6.61441	2.43E-05
501.5	6.5182	3.03E-05
501	7.1047	7.86E-06
500.5	6.99215	1.02E-05
500	6.87959	1.32E-05
499.5	6.84977	1.41E-05
499	6.81995	1.51E-05
498.5	7.2848	5.19E-06
498	7.38583	4.11E-06
497.5	7.08935	8.14E-06
497	6.84804	1.42E-05
496.5	6.61446	2.43E-05
496	6.79084	1.62E-05
495.5	7.25895	5.51E-06
495	7.34825	4.48E-06
494.5	7.43755	3.65E-06
494	7.14802	7.11E-06
493.5	6.57962	2.63E-05
493	6.84937	1.41E-05
492.5	7.24889	5.64E-06
492	7.25648	5.54E-06
491.5	7.26408	5.44E-06
491	6.87974	1.32E-05
490.5	6.56337	2.73E-05
490	6.79117	1.62E-05
489.5	6.27943	5.25E-05
489	6.18175	6.58E-05
488.5	6.20721	6.21E-05
488	6.00709	9.84E-05
487.5	6.12584	7.48E-05
487	6.37019	4.26E-05
486.5	6.37199	4.25E-05
486	6.2622	5.47E-05
485.5	6.56038	2.75E-05
485	6.00236	9.95E-05
484.5	5.81308	1.54E-04
484	5.92299	1.19E-04
483.5	6.01324	9.70E-05
483	6.03039	9.32E-05
482.5	6.3109	4.89E-05
482	6.32039	4.78E-05
481.5	5.98204	1.04E-04
481	6.07038	8.50E-05
480.5	6.2958	5.06E-05
480	6.15391	7.02E-05
479.5	6.22037	6.02E-05
479	6.41219	3.87E-05
478.5	6.34075	4.56E-05
478	6.2532	5.58E-05
477.5	6.18129	6.59E-05
477	6.12987	7.42E-05
476.5	6.10481	7.86E-05
476	6.15301	7.03E-05
475.5	5.97654	1.06E-04
475	6.14814	7.11E-05
474.5	6.06411	8.63E-05
474	5.8047	1.57E-04
473.5	5.80003	1.58E-04
473	5.87712	1.33E-04
472.5	5.8891	1.29E-04
472	5.81709	1.52E-04
471.5	5.76195	1.73E-04
471	5.67228	2.13E-04
470.5	5.61937	2.40E-04
470	5.50152	3.15E-04
469.5	5.42179	3.79E-04
469	5.43171	3.70E-04
468.5	5.37913	4.18E-04
468	5.2868	5.17E-04
467.5	5.20409	6.25E-04
467	5.07872	8.34E-04
466.5	4.99803	0.001
466	4.90465	0.00125
465.5	4.79893	0.00159
465	4.69155	0.00203
464.5	4.56877	0.0027
464	4.44151	0.00362
463.5	4.31266	0.00487
463	4.17537	0.00668
462.5	4.02717	0.00939
462	3.87608	0.0133
461.5	3.71234	0.01939
461	3.53991	0.02885
460.5	3.35847	0.04381
460	3.15898	0.06935
459.5	2.94396	0.11377
459	2.71708	0.19183
458.5	2.47347	0.33615
458	2.21513	0.60935
457.5	1.93896	1.1509
457	1.64805	2.2488
456.5	1.34373	4.53176
456	1.03094	9.31239
455.5	0.73236	18.52009
455	0.47722	33.32568
454.5	0.28037	52.43545
454	0.14672	71.33078
453.5	0.07033	85.04955
453	0.03185	92.92916
452.5	0.01443	96.73152
452	0.01039	97.636
451.5	0.01111	97.4745
451	0.01047	97.61825
450.5	0.00902	97.94359
450	0.00705	98.3891
449.5	0.00476	98.91064
449	0.00636	98.54736
448.5	0.00806	98.16055
448	0.00934	97.8719
447.5	0.00979	97.77076
447	0.00794	98.18926
446.5	0.00587	98.6577
446	0.00996	97.7325
445.5	0.02547	94.30332
445	0.0711	84.8985
444.5	0.17667	66.57819
444	0.35862	43.79031
443.5	0.6227	23.83955
443	0.95519	11.08679
442.5	1.31832	4.80487
442	1.66923	2.14178
441.5	2.00175	0.99599
441	2.31783	0.48103
440.5	2.60292	0.24951
440	2.87803	0.13243
439.5	3.13661	0.07301
439	3.37469	0.0422
438.5	3.60026	0.0251
438	3.80896	0.01553
437.5	4.00317	0.00993
437	4.19016	0.00645
436.5	4.36352	0.00433
436	4.52739	0.00297
435.5	4.68044	0.00209
435	4.81571	0.00153
434.5	4.95395	0.00111
434	5.08407	8.24E-04
433.5	5.18282	6.56E-04
433	5.2613	5.48E-04
432.5	5.3879	4.09E-04
432	5.50163	3.15E-04
431.5	5.56659	2.71E-04
431	5.68721	2.05E-04
430.5	5.77001	1.70E-04
430	5.78106	1.66E-04
429.5	5.92666	1.18E-04
429	5.9941	1.01E-04
428.5	5.93887	1.15E-04
428	6.01735	9.61E-05
427.5	6.00005	1.00E-04
427	6.09474	8.04E-05
426.5	6.11202	7.73E-05
426	6.17913	6.62E-05
425.5	6.30249	4.98E-05
425	6.07091	8.49E-05
424.5	6.00827	9.81E-05
424	6.1805	6.60E-05
423.5	6.44246	3.61E-05
423	6.83831	1.45E-05
422.5	7.20529	6.23E-06
422	6.56954	2.69E-05
421.5	6.25324	5.58E-05
421	6.27852	5.27E-05
420.5	7.08272	8.27E-06
420	7.33732	4.60E-06
419.5	7.17224	6.73E-06
419	6.64249	2.28E-05
418.5	6.20048	6.30E-05
418	6.1937	6.40E-05
417.5	6.16616	6.82E-05
417	6.32032	4.78E-05
416.5	6.46341	3.44E-05
416	6.10296	7.89E-05
415.5	6.00706	9.84E-05
415	6.06485	8.61E-05
414.5	6.30246	4.98E-05
414	7.38099	4.16E-06
413.5	6.9033	1.25E-05
413	6.72825	1.87E-05
412.5	6.52256	3.00E-05
412	6.64253	2.28E-05
411.5	6.78013	1.66E-05
411	7.41485	3.85E-06
410.5	7.46572	3.42E-06
410	7.42306	3.78E-06
409.5	7.3804	4.16E-06
409	6.87005	1.35E-05
408.5	6.62246	2.39E-05
408	7.1414	7.22E-06
407.5	7.27039	5.37E-06
407	7.39938	3.99E-06
406.5	7.13843	7.27E-06
406	7.13807	7.28E-06
405.5	7.34054	4.57E-06
405	7.33827	4.59E-06
404.5	7.336	4.61E-06
404	6.30999	4.90E-05
403.5	6.40305	3.95E-05
403	6.47775	3.33E-05
402.5	6.72685	1.88E-05
402	7.44393	3.60E-06
401.5	7.47067	3.38E-06
401	7.4974	3.18E-06
400.5	7.4375	3.65E-06
400	7.20434	6.25E-06
399.5	7.20409	6.25E-06
399	7.07732	8.37E-06
398.5	7.49252	3.22E-06
398	7.49998	3.16E-06
397.5	7.49995	3.16E-06
397	7.49991	3.16E-06
396.5	7.49942	3.17E-06
396	7.49805	3.18E-06
395.5	7.45005	3.55E-06
395	6.74938	1.78E-05
394.5	6.51859	3.03E-05
394	6.63885	2.30E-05
393.5	6.58279	2.61E-05
393	7.42456	3.76E-06
392.5	7.41202	3.87E-06
392	6.53264	2.93E-05
391.5	6.834	1.47E-05
391	7.13536	7.32E-06
390.5	6.54866	2.83E-05
390	7.43362	3.68E-06
389.5	7.45574	3.50E-06
389	6.63714	2.31E-05
388.5	6.40009	3.98E-05
388	6.65694	2.20E-05
387.5	6.17289	6.72E-05
387	6.30578	4.95E-05
386.5	6.03776	9.17E-05
386	6.26312	5.46E-05
385.5	6.72431	1.89E-05
385	6.51741	3.04E-05
384.5	6.74906	1.78E-05
384	6.35435	4.42E-05
383.5	6.24473	5.69E-05
383	6.7483	1.79E-05
382.5	7.40326	3.95E-06
382	7.49616	3.19E-06
381.5	7.48587	3.27E-06
381	7.37396	4.23E-06
380.5	6.69761	2.01E-05
380	6.54644	2.84E-05
379.5	6.35519	4.41E-05
379	6.83265	1.47E-05
378.5	6.57738	2.65E-05
378	6.83082	1.48E-05
377.5	6.76347	1.72E-05
377	6.69612	2.01E-05
376.5	7.48439	3.28E-06
376	7.44669	3.58E-06
375.5	6.54532	2.85E-05
375	6.6342	2.32E-05
374.5	6.6547	2.21E-05
374	7.07104	8.49E-06
373.5	7.15026	7.08E-06
373	7.22947	5.90E-06
372.5	6.93564	1.16E-05
372	7.29161	5.11E-06
371.5	7.251	5.61E-06
371	6.82734	1.49E-05
370.5	6.45444	3.51E-05
370	7.37709	4.20E-06
369.5	7.44961	3.55E-06
369	7.09706	8.00E-06
368.5	6.74451	1.80E-05
368	7.06893	8.53E-06
367.5	6.55762	2.77E-05
367	7.34201	4.55E-06
366.5	7.29287	5.09E-06
366	7.24372	5.71E-06
365.5	6.36104	4.35E-05
365	6.29045	5.12E-05
364.5	6.17303	6.71E-05
364	7.48855	3.25E-06
363.5	7.49957	3.17E-06
363	7.49991	3.16E-06
362.5	7.49998	3.16E-06
362	7.49998	3.16E-06
361.5	7.49986	3.16E-06
361	7.49874	3.17E-06
360.5	7.46659	3.42E-06
360	6.71894	1.91E-05
359.5	6.18043	6.60E-05
359	6.89113	1.28E-05
358.5	7.19237	6.42E-06
358	6.37025	4.26E-05
357.5	7.27502	5.31E-06
357	7.27235	5.34E-06
356.5	6.35958	4.37E-05
356	6.39049	4.07E-05
355.5	6.24379	5.70E-05
355	6.09708	8.00E-05
354.5	7.06941	8.52E-06
354	6.94782	1.13E-05
353.5	6.82622	1.49E-05
353	6.74734	1.79E-05
352.5	6.66845	2.15E-05
352	6.38034	4.17E-05
351.5	6.93756	1.15E-05
351	7.49477	3.20E-06
350.5	6.71539	1.93E-05
350	6.63452	2.32E-05
349.5	6.55366	2.79E-05
349	6.3282	4.70E-05
348.5	6.5225	3.00E-05
348	6.71679	1.92E-05
347.5	6.97099	1.07E-05
347	7.32117	4.77E-06
346.5	7.2785	5.27E-06
346	6.8572	1.39E-05
345.5	6.47975	3.31E-05
345	7.36353	4.33E-06
344.5	7.44389	3.60E-06
344	7.45666	3.49E-06
343.5	7.40067	3.97E-06
343	6.53918	2.89E-05
342.5	7.40228	3.96E-06
342	7.4633	3.44E-06
341.5	7.45606	3.50E-06
341	7.38122	4.16E-06
340.5	6.50549	3.12E-05
340	7.06704	8.57E-06
339.5	7.19236	6.42E-06
339	7.47984	3.31E-06
338.5	7.3952	4.03E-06
338	7.31056	4.89E-06
337.5	6.85381	1.40E-05
337	7.49308	3.21E-06
336.5	6.52088	3.01E-05
336	6.76569	1.72E-05
335.5	6.62757	2.36E-05
335	6.48945	3.24E-05
334.5	6.64524	2.26E-05
334	6.69098	2.04E-05
333.5	7.46515	3.43E-06
333	7.49856	3.17E-06
332.5	7.49983	3.16E-06
332	7.49999	3.16E-06
331.5	7.49999	3.16E-06
331	7.49998	3.16E-06
330.5	7.49989	3.16E-06
330	7.4975	3.18E-06
329.5	7.43345	3.69E-06
329	6.40886	3.90E-05
328.5	6.42254	3.78E-05
328	7.36626	4.30E-06
327.5	6.28703	5.16E-05
327	6.82239	1.51E-05
326.5	6.70309	1.98E-05
326	6.58378	2.61E-05
325.5	6.3355	4.62E-05
325	6.08721	8.18E-05
324.5	6.26041	5.49E-05
324	6.61401	2.43E-05
323.5	6.9676	1.08E-05
323	6.47355	3.36E-05
322.5	5.9795	1.05E-04
322	6.34643	4.50E-05
321.5	6.71336	1.93E-05
321	6.04329	9.05E-05
320.5	6.96741	1.08E-05
320	6.88736	1.30E-05
319.5	6.28522	5.19E-05
319	6.43482	3.67E-05
318.5	6.07057	8.50E-05
318	5.83435	1.46E-04
317.5	6.88512	1.30E-05
317	6.02517	9.44E-05
316.5	6.27253	5.34E-05
316	6.25271	5.59E-05
315.5	6.2329	5.85E-05
315	5.8003	1.58E-04
314.5	6.15798	6.95E-05
314	6.20496	6.24E-05
313.5	5.95864	1.10E-04
313	6.39685	4.01E-05
312.5	6.23229	5.86E-05
312	6.22749	5.92E-05
311.5	6.22269	5.99E-05
311	6.81485	1.53E-05
310.5	6.24647	5.67E-05
310	6.15707	6.97E-05
309.5	7.00912	9.79E-06
309	6.70831	1.96E-05
308.5	6.44531	3.59E-05
308	7.20332	6.26E-06
307.5	6.68352	2.07E-05
307	6.16371	6.86E-05
306.5	6.18526	6.53E-05
306	6.81706	1.52E-05
305.5	6.08183	8.28E-05
305	6.4817	3.30E-05
304.5	6.33756	4.60E-05
304	6.5816	2.62E-05
303.5	6.0341	9.24E-05
303	7.39738	4.01E-06
302.5	7.48576	3.27E-06
302	7.49691	3.18E-06
301.5	7.49608	3.19E-06
301	7.4799	3.31E-06
300.5	7.39145	4.06E-06
300	6.58031	2.63E-05